h3ha_site,h3ha_seasn,h3na_site,h3na_season
21,2002,23,2002
49,2002,267,2002
66,2002,307,2002
108,2002,23,2003
147,2002,30,2003
160,2002,42,2003
188,2002,143,2003
208,2002,216,2003
241,2002,307,2003
287,2002,332,2003
402,2002,385,2003
468,2002,23,2004
41,2003,30,2004
66,2003,42,2004
91,2003,143,2004
99,2003,216,2004
147,2003,307,2004
160,2003,332,2004
171,2003,385,2004
172,2003,18,2005
188,2003,23,2005
199,2003,23,2005
202,2003,30,2005
208,2003,30,2005
218,2003,40,2005
238,2003,42,2005
241,2003,42,2005
325,2003,93,2005
402,2003,143,2005
468,2003,143,2005
516,2003,172,2005
546,2003,199,2005
41,2004,216,2005
66,2004,216,2005
91,2004,265,2005
99,2004,307,2005
147,2004,307,2005
160,2004,332,2005
171,2004,332,2005
172,2004,385,2005
188,2004,385,2005
202,2004,399,2005
208,2004,432,2005
218,2004,437,2005
238,2004,23,2006
241,2004,30,2006
402,2004,42,2006
468,2004,93,2006
495,2004,143,2006
546,2004,199,2006
41,2005,216,2006
66,2005,221,2006
91,2005,307,2006
99,2005,332,2006
142,2005,385,2006
147,2005,432,2006
154,2005,4,2007
160,2005,5,2007
161,2005,23,2007
171,2005,30,2007
172,2005,42,2007
175,2005,43,2007
188,2005,93,2007
202,2005,143,2007
205,2005,194,2007
208,2005,199,2007
218,2005,216,2007
238,2005,221,2007
241,2005,307,2007
243,2005,310,2007
402,2005,315,2007
468,2005,332,2007
546,2005,370,2007
41,2006,385,2007
66,2006,432,2007
91,2006,4,2008
99,2006,5,2008
147,2006,23,2008
160,2006,30,2008
161,2006,42,2008
171,2006,86,2008
172,2006,93,2008
175,2006,143,2008
188,2006,150,2008
202,2006,151,2008
205,2006,199,2008
208,2006,216,2008
209,2006,221,2008
218,2006,296,2008
238,2006,307,2008
241,2006,307,2008
241,2006,332,2008
242,2006,335,2008
243,2006,370,2008
342,2006,385,2008
377,2006,432,2008
402,2006,4,2009
468,2006,5,2009
500,2006,23,2009
546,2006,30,2009
22,2007,42,2009
41,2007,93,2009
66,2007,143,2009
91,2007,147,2009
99,2007,150,2009
147,2007,194,2009
160,2007,199,2009
161,2007,215,2009
171,2007,216,2009
172,2007,221,2009
173,2007,307,2009
175,2007,310,2009
188,2007,332,2009
202,2007,370,2009
205,2007,372,2009
208,2007,385,2009
209,2007,387,2009
218,2007,432,2009
238,2007,4,2010
241,2007,5,2010
241,2007,23,2010
242,2007,30,2010
243,2007,42,2010
377,2007,93,2010
391,2007,143,2010
402,2007,147,2010
466,2007,150,2010
468,2007,194,2010
546,2007,199,2010
41,2008,215,2010
66,2008,216,2010
91,2008,221,2010
99,2008,307,2010
147,2008,310,2010
158,2008,332,2010
160,2008,370,2010
160,2008,372,2010
161,2008,385,2010
171,2008,387,2010
172,2008,432,2010
175,2008,4,2011
188,2008,5,2011
202,2008,23,2011
205,2008,30,2011
208,2008,42,2011
209,2008,93,2011
218,2008,143,2011
238,2008,147,2011
241,2008,150,2011
241,2008,194,2011
242,2008,199,2011
243,2008,215,2011
377,2008,216,2011
391,2008,221,2011
402,2008,307,2011
466,2008,310,2011
468,2008,332,2011
546,2008,370,2011
41,2009,372,2011
66,2009,385,2011
66,2009,387,2011
91,2009,432,2011
99,2009,4,2012
147,2009,5,2012
156,2009,23,2012
160,2009,30,2012
161,2009,42,2012
171,2009,93,2012
172,2009,143,2012
175,2009,147,2012
188,2009,150,2012
189,2009,194,2012
202,2009,199,2012
205,2009,210,2012
208,2009,215,2012
209,2009,216,2012
218,2009,221,2012
238,2009,307,2012
241,2009,310,2012
241,2009,332,2012
242,2009,367,2012
243,2009,369,2012
377,2009,370,2012
377,2009,372,2012
391,2009,385,2012
402,2009,387,2012
466,2009,432,2012
468,2009,464,2012
546,2009,4,2013
41,2010,5,2013
66,2010,23,2013
66,2010,30,2013
91,2010,42,2013
99,2010,81,2013
147,2010,93,2013
156,2010,93,2013
160,2010,143,2013
161,2010,147,2013
171,2010,150,2013
172,2010,194,2013
175,2010,199,2013
188,2010,215,2013
189,2010,216,2013
202,2010,221,2013
205,2010,307,2013
208,2010,310,2013
209,2010,332,2013
218,2010,367,2013
238,2010,369,2013
241,2010,370,2013
241,2010,372,2013
242,2010,385,2013
243,2010,387,2013
377,2010,402,2013
377,2010,432,2013
391,2010,464,2013
402,2010,4,2014
466,2010,5,2014
468,2010,23,2014
546,2010,30,2014
41,2011,42,2014
66,2011,81,2014
66,2011,93,2014
78,2011,93,2014
91,2011,143,2014
99,2011,147,2014
147,2011,150,2014
156,2011,194,2014
160,2011,199,2014
160,2011,215,2014
161,2011,216,2014
171,2011,221,2014
172,2011,307,2014
174,2011,310,2014
175,2011,332,2014
188,2011,367,2014
189,2011,369,2014
202,2011,370,2014
205,2011,372,2014
205,2011,385,2014
208,2011,387,2014
209,2011,402,2014
218,2011,432,2014
229,2011,464,2014
238,2011,4,2015
241,2011,5,2015
241,2011,23,2015
242,2011,30,2015
243,2011,42,2015
377,2011,81,2015
377,2011,93,2015
391,2011,93,2015
402,2011,143,2015
466,2011,147,2015
468,2011,150,2015
546,2011,194,2015
41,2012,199,2015
66,2012,215,2015
66,2012,216,2015
69,2012,221,2015
78,2012,221,2015
91,2012,307,2015
99,2012,310,2015
110,2012,332,2015
147,2012,367,2015
156,2012,369,2015
160,2012,370,2015
160,2012,372,2015
161,2012,385,2015
171,2012,387,2015
172,2012,392,2015
174,2012,402,2015
175,2012,432,2015
188,2012,464,2015
189,2012,4,2016
202,2012,5,2016
205,2012,23,2016
205,2012,30,2016
208,2012,42,2016
209,2012,81,2016
218,2012,93,2016
228,2012,93,2016
229,2012,143,2016
238,2012,147,2016
241,2012,150,2016
241,2012,194,2016
242,2012,199,2016
243,2012,215,2016
246,2012,216,2016
296,2012,221,2016
296,2012,221,2016
377,2012,267,2016
377,2012,307,2016
391,2012,310,2016
402,2012,332,2016
466,2012,367,2016
468,2012,369,2016
546,2012,370,2016
41,2013,372,2016
49,2013,385,2016
61,2013,387,2016
64,2013,392,2016
66,2013,402,2016
66,2013,432,2016
78,2013,464,2016
91,2013,4,2017
99,2013,5,2017
147,2013,23,2017
156,2013,30,2017
160,2013,42,2017
160,2013,81,2017
161,2013,93,2017
161,2013,93,2017
171,2013,143,2017
172,2013,147,2017
174,2013,150,2017
175,2013,194,2017
188,2013,199,2017
189,2013,215,2017
202,2013,216,2017
205,2013,221,2017
205,2013,221,2017
208,2013,245,2017
209,2013,247,2017
214,2013,267,2017
218,2013,307,2017
228,2013,310,2017
229,2013,332,2017
238,2013,339,2017
239,2013,367,2017
241,2013,369,2017
241,2013,370,2017
242,2013,372,2017
243,2013,380,2017
294,2013,385,2017
328,2013,387,2017
377,2013,402,2017
377,2013,432,2017
391,2013,464,2017
402,2013,468,2017
466,2013,4,2018
468,2013,5,2018
546,2013,23,2018
41,2014,30,2018
49,2014,42,2018
61,2014,81,2018
64,2014,93,2018
66,2014,93,2018
66,2014,143,2018
78,2014,147,2018
91,2014,150,2018
99,2014,194,2018
147,2014,199,2018
156,2014,215,2018
160,2014,216,2018
160,2014,221,2018
161,2014,221,2018
161,2014,245,2018
171,2014,247,2018
172,2014,267,2018
174,2014,307,2018
175,2014,310,2018
188,2014,332,2018
189,2014,339,2018
202,2014,367,2018
205,2014,369,2018
205,2014,370,2018
208,2014,372,2018
209,2014,380,2018
214,2014,385,2018
218,2014,387,2018
228,2014,402,2018
229,2014,432,2018
238,2014,464,2018
239,2014,468,2018
241,2014,4,2019
241,2014,5,2019
242,2014,23,2019
243,2014,30,2019
294,2014,42,2019
328,2014,81,2019
377,2014,93,2019
377,2014,93,2019
391,2014,143,2019
402,2014,147,2019
466,2014,150,2019
468,2014,194,2019
546,2014,199,2019
41,2015,215,2019
49,2015,216,2019
61,2015,220,2019
64,2015,221,2019
66,2015,221,2019
66,2015,245,2019
78,2015,247,2019
91,2015,267,2019
99,2015,303,2019
144,2015,307,2019
147,2015,310,2019
156,2015,329,2019
158,2015,332,2019
160,2015,339,2019
160,2015,367,2019
161,2015,369,2019
161,2015,370,2019
171,2015,372,2019
172,2015,380,2019
174,2015,385,2019
175,2015,387,2019
188,2015,402,2019
189,2015,432,2019
202,2015,464,2019
205,2015,468,2019
205,2015,,
208,2015,,
209,2015,,
214,2015,,
218,2015,,
228,2015,,
229,2015,,
238,2015,,
239,2015,,
241,2015,,
241,2015,,
241,2015,,
242,2015,,
243,2015,,
294,2015,,
328,2015,,
377,2015,,
377,2015,,
391,2015,,
402,2015,,
466,2015,,
468,2015,,
546,2015,,
19,2016,,
41,2016,,
49,2016,,
61,2016,,
64,2016,,
66,2016,,
66,2016,,
78,2016,,
91,2016,,
99,2016,,
144,2016,,
147,2016,,
154,2016,,
156,2016,,
158,2016,,
160,2016,,
160,2016,,
160,2016,,
161,2016,,
161,2016,,
171,2016,,
172,2016,,
174,2016,,
175,2016,,
175,2016,,
175,2016,,
176,2016,,
188,2016,,
189,2016,,
202,2016,,
205,2016,,
205,2016,,
208,2016,,
209,2016,,
214,2016,,
218,2016,,
228,2016,,
229,2016,,
238,2016,,
239,2016,,
241,2016,,
241,2016,,
241,2016,,
242,2016,,
243,2016,,
294,2016,,
327,2016,,
328,2016,,
342,2016,,
377,2016,,
377,2016,,
391,2016,,
402,2016,,
466,2016,,
468,2016,,
546,2016,,
19,2017,,
41,2017,,
49,2017,,
61,2017,,
64,2017,,
66,2017,,
66,2017,,
78,2017,,
91,2017,,
99,2017,,
144,2017,,
147,2017,,
156,2017,,
158,2017,,
160,2017,,
160,2017,,
160,2017,,
161,2017,,
161,2017,,
171,2017,,
172,2017,,
174,2017,,
175,2017,,
175,2017,,
176,2017,,
187,2017,,
188,2017,,
189,2017,,
202,2017,,
205,2017,,
205,2017,,
208,2017,,
209,2017,,
214,2017,,
218,2017,,
228,2017,,
229,2017,,
238,2017,,
239,2017,,
241,2017,,
241,2017,,
241,2017,,
242,2017,,
243,2017,,
294,2017,,
327,2017,,
328,2017,,
377,2017,,
377,2017,,
391,2017,,
402,2017,,
422,2017,,
466,2017,,
468,2017,,
500,2017,,
505,2017,,
546,2017,,
19,2018,,
41,2018,,
49,2018,,
61,2018,,
64,2018,,
66,2018,,
66,2018,,
78,2018,,
91,2018,,
99,2018,,
144,2018,,
147,2018,,
147,2018,,
156,2018,,
158,2018,,
158,2018,,
160,2018,,
160,2018,,
160,2018,,
161,2018,,
161,2018,,
171,2018,,
172,2018,,
174,2018,,
175,2018,,
175,2018,,
176,2018,,
187,2018,,
188,2018,,
189,2018,,
202,2018,,
205,2018,,
205,2018,,
208,2018,,
209,2018,,
214,2018,,
218,2018,,
228,2018,,
229,2018,,
238,2018,,
239,2018,,
241,2018,,
241,2018,,
241,2018,,
242,2018,,
243,2018,,
277,2018,,
294,2018,,
327,2018,,
328,2018,,
377,2018,,
377,2018,,
391,2018,,
402,2018,,
422,2018,,
466,2018,,
468,2018,,
500,2018,,
505,2018,,
546,2018,,
19,2019,,
41,2019,,
49,2019,,
61,2019,,
64,2019,,
66,2019,,
66,2019,,
78,2019,,
91,2019,,
99,2019,,
108,2019,,
137,2019,,
144,2019,,
147,2019,,
151,2019,,
156,2019,,
158,2019,,
160,2019,,
160,2019,,
160,2019,,
161,2019,,
161,2019,,
171,2019,,
172,2019,,
174,2019,,
175,2019,,
175,2019,,
176,2019,,
187,2019,,
188,2019,,
189,2019,,
202,2019,,
205,2019,,
205,2019,,
208,2019,,
209,2019,,
214,2019,,
218,2019,,
228,2019,,
229,2019,,
238,2019,,
239,2019,,
241,2019,,
241,2019,,
241,2019,,
242,2019,,
243,2019,,
277,2019,,
294,2019,,
327,2019,,
328,2019,,
377,2019,,
377,2019,,
391,2019,,
402,2019,,
422,2019,,
466,2019,,
468,2019,,
500,2019,,
505,2019,,
546,2019,,
