,X19.i,X49.r,X61.n,X64.i,X78.g,X78.k,X108.r,X137.k,X147.k,X156.i,X160.s,X161.s,X174.n,X175.y,X176.t,X187.k,X189.q,X205.k,X214.s,X228.a,X239.i,X241.d,X277.q,X294.k,X327.h,X328.s,X377.i,X377.r,X402.g,X422.v,X466.r,X468.k,X500.e,X505.n,X546.a
2005,0,0,0,0,0,0.12,0,0,0,0,0,0.4,0.04,0.08,0.2,0,0,0,0,0,0.08,0.56,0,0,0.04,0,0,0,0,0,0,0,0,0.1428571,0
2006,0,0,0.09090909,0,0,0,0,0,0,0,0,0.09090909,0,0,0,0,0,0,0,0,0,0.1818182,0,0,0,0,1,0,1,0,0.5555556,1,0,0,0.8333333
2007,0,0,0.1666667,0,0,0,0,0,0,0.3333333,0,0.05555556,0,0,0,0,0.08333333,0.02777778,0,0,0,0,0.08333333,0,0,0.05555556,0.82352941,0.11764706,1,0,0.11764706,1,0,0.1176471,1
2008,0,0,0.03030303,0,0,0.03030303,0,0,0,0.96969697,0,0.03030303,0.03030303,0.03030303,0,0.09090909,0.7575758,0,0,0,0.1212121,0,0.03030303,0,0,0,0.19354839,0.77419355,0.96774194,0,0,0.96296296,0,0,0.88
2009,0,0,0.02941176,0,0,0.7058824,0,0,0,0.70588235,0,0.02941176,0.67647059,0.26470588,0,0,0.7352941,0.64705882,0,0.2058824,0.05882353,0.08823529,0.3235294,0,0,0,0,0.7352941,0.7058824,0,0,0.7575758,0,0,0.7575758
2010,0,0,0,0,0,0.4444444,0.05555556,0,0,1,0.05555556,0,1,0,0,0,1,1,0,0.5555556,0,0,0.3333333,0,0,0.1666667,0,1,1,0,0,1,0,0,0.8888889
2011,0,0.6447368,0.7368421,0.72368421,0.02631579,0.06578947,0,0,0,0.85526316,0,0.21052632,0.92105263,0.07894737,0,0,0.92105263,0.92105263,0.8421053,0.92105263,0.92,0,0,0.6710526,0,0.86842105,0,0.92105263,0.94736842,0,0.02631579,0.97368421,0,0.06578947,0.92105263
2012,0.01612903,0.4032258,0.5079365,0.77777778,0.31746032,0.07936508,0,0,0.04761905,0.55555556,0,0.49206349,0.58730159,0.3968254,0.01587302,0,0.58730159,0.58730159,0.5645161,0.5714286,0.5873016,0,0.04761905,0.46031746,0,0.8870968,0.35483871,0.58064516,0.90322581,0,0.3225806,0.61290323,0,0.1129032,0.5806452
2013,0.01315789,0.8026316,0.8552632,0.94736842,0.02631579,0,0,0,0,0.90789474,0.01315789,0.90789474,0.90789474,0.02631579,0.01315789,0,0.90789474,0.90789474,0.90789474,0.90789474,0.89473684,0.01315789,0.01315789,0.8815789,0.01315789,1,0.02631579,0.90789474,0.93421053,0,0.09210526,0.90789474,0,0.76315789,0.90789474
2014,0.3333333,0.6,0.62352941,0.95294118,0,0.01176471,0,0,0,0.6470588,0.31764706,0.63529412,0.64705882,0.2470588,0.3176471,0,0.6470588,0.6470588,0.56470588,0.6470588,0.6470588,0.4705882,0.01176471,0.6470588,0.34117647,0.98823529,0,0.6470588,0.6470588,0,0.3411765,0.6588235,0.1176471,0.4941176,0.6352941
2015,0.87209302,0.96511628,0.96511628,0.94186047,0.01162791,0.02325581,0,0,0,0.96511628,0.95348837,0.96511628,0.95238095,0.97674419,0.925,0.01162791,0.96511628,0.96511628,0.95348837,0.96511628,0.96511628,0.96511628,0.04651163,0.96511628,0.95348837,0.95348837,0.01162791,0.96511628,0.97674419,0.01162791,0.01162791,0.96511628,0.01162791,0.93023256,0.95348837
2016,0.79120879,0.7912088,1,0.8021978,0,0.1978022,0.01098901,0.4505495,0,0.78021978,0.4395604,0.8021978,0.8021978,1,0.7640449,0.32967033,0.8021978,0.8021978,0.79120879,0.79120879,1,0.8021978,0.2087912,0.8021978,0.8021978,0.76923077,0,0.8021978,0.8021978,0.37362637,0,0.8021978,0.3626374,0.8021978,0.73626374
2017,0.7032967,0.7032967,0.98901099,0.7032967,0.2637363,0.2967033,0.27472527,0.3736264,0.2747253,0.7032967,0.62637363,0.7032967,0.65517241,1,0.6818182,0.3736264,0.7032967,0.7032967,0.69230769,0.69230769,0.97802198,0.7032967,0.5824176,0.7032967,0.41758242,0.8351648,0,0.7032967,0.7032967,0.3406593,0,0.7032967,0.3406593,0.7032967,0.6923077
2018,1,1,1,0.84126984,0.6031746,0.2539683,0.6190476,0.6190476,0.4590164,0.98412698,1,1,1,1,1,0.6190476,1,1,0.95238095,0.6190476,1,1,0.3968254,1,0.3809524,0.96825397,0,1,1,0.5873016,0,1,0.6190476,1,0.96825397
2019,1,1,1,1,0.53125,0.34375,0.53125,0.53125,0.65625,0.90625,1,1,1,1,0.96875,0.5483871,0.96875,1,1,0.53125,1,1,0.5,1,0.46875,1,0,1,1,0.53125,0,1,0.375,1,1
tau,4,1,1,1,2,2,3,3,3,2,3,3,2,5,4,4,2,1,1,2,1,3,6,1,3,2,1,2,1,4,1,1,5,3,1
