,X81.p.,X93.d.,X93.g.,X126.l.,X141.d.,X147.n.,X150.r.,X151.d.,X161.s.,X194.i.,X215.v.,X220.n.,X221.d.,X234.d.,X238.t.,X245.n.,X247.t.,X267.k.,X303.i.,X309.n.,X310.h.,X315.r.,X321.l.,X329.s.,X339.n.,X344.k.,X367.n.,X369.t.,X370.s.,X372.s.,X380.v.,X387.k.,X392.t.,X402.d.,X464.l.,X468.h.,X468.l.
2005,0,1,0,0,0,0,0,0,0,0,0,0,0,0,0,0,0,0,0,0,0,0,0,0,0,0,0,0,0,0,0,0,0,0,0,0,0
2006,0,0.8823529,0,0,0,0,0.4705882,0.94117647,0,0.5294118,0.1764706,0,0.1764706,0,1,0,0,0,0,0.1764706,0.4705882,0.2352941,1,0,0,0,0,0,0.7058824,0.3529412,0,0,0,0,0,0,0
2007,0.08695652,0.91304348,0,0,0,0.1304348,0.5652174,0.6086957,0,0.4782609,0.08695652,0,0,0,1,0,0,0,0,0,0.4782609,0.4347826,1,0,0,0,0,0,0.95652174,0.5217391,0,0.4782609,0,0,0,0,0
2008,0.1612903,1,0,0,0,0.516129,0.96774194,0.74193548,0,1,0.8064516,0,0,0.03225806,0.96774194,0,0,0,0,0,1,0,1,0,0,0,0,0,1,0,0,0.93548387,0,0.03225806,0.06451613,0,0
2009,0.04347826,1,0,0,0,1,0.91304348,0.82608696,0,1,1,0,0,0,1,0,0,0,0,0,1,0,0.95652174,0,0,0,0,0,1,0,0,1,0,0,0,0,0
2010,0,1,0,0,0,1,1,0.93333333,0,1,1,0,0,0,1,0,0,0,0,0,1,0,1,0,0.06666667,0,0.6,0.6,1,0,0,1,0,0.06666667,0.6,0,0
2011,0.86538462,0.3076923,0.6923077,0.01923077,0,1,1,0.90384615,0,1,1,0,0.03846154,0,0.96153846,0.01923077,0,0,0,0,1,0,1,0,0,0,0.98076923,0.98076923,1,0,0.01923077,1,0,0.8461538,0.8461538,0,0
2012,0.94285714,0.1714286,0.8285714,0,0,1,1,0.88571429,0,1,1,0,0.1142857,0,0.94285714,0,0,0,0,0,1,0,1,0,0,0,0.94285714,1,1,0,0,1,0,0.97142857,0.97142857,0,0
2013,0.98360656,0.01639344,0.98360656,0,0.06557377,1,1,0.86885246,0,1,1,0,0.8852459,0,1,0,0,0.01639344,0,0,1,0.01639344,1,0,0.01639344,0,0.96721311,1,1,0,0,1,0.09836066,1,1,0.01639344,0
2014,0.98,0,1,0,0,1,1,0.88,0,1,1,0,0.96,0,1,0.02,0,0.16,0,0,1,0,1,0,0,0,0.96,1,0.98,0,0.16,1,0.5,0.98,1,0,0.12
2015,0.97014925,0,1,0,0.5223881,1,1,0.8955224,0.01492537,0.97014925,0.98507463,0,1,0,1,0.2537313,0.2537313,0.94029851,0,0.5074627,1,0,1,0,0.02985075,0,0.98507463,1,1,0,0.4029851,1,0.05970149,1,1,0.02985075,0.02985075
2016,1,0.5517241,0.4482759,0,0.1034483,1,1,0.93103448,0.5517241,1,1,0,1,0.5517241,1,0.8965517,0.8965517,1,0,0.1034483,1,0,1,0.03448276,0.862069,0,1,1,1,0,0.8965517,1,0,1,1,0.3448276,0.5517241
2017,1,0,1,0.5116279,0,1,1,0.8837209,0,1,1,0.5581395,1,0,1,1,1,1,0.5348837,0,1,0.3488372,1,0.6046512,1,0,1,1,1,0,1,1,0,1,1,0.6744186,0
2018,1,0,0.98148148,0.5740741,0,1,0.98148148,1,0,1,1,0.6111111,1,0,1,1,1,1,0.5925926,0.01851852,1,0.03703704,1,0.98148148,1,0.03703704,1,1,1,0,1,1,0,1,1,0.98148148,0
2019,1,0.0212766,0.9787234,0.8085106,0,1,1,0.893617,0.0212766,0.9787234,1,0.8085106,1,0,0.9574468,1,1,1,0.8085106,0,0.9787234,0.6170213,1,0.9787234,0.9787234,0.7446809,1,1,1,0,0.9787234,1,0.0212766,1,1,0.9787234,0.0212766
tau,1,1,1,1,1,2,2,1,2,1,3,1,3,1,1,3,2,3,1,1,3,3,1,2,2,2,1,1,1,2,3,2,2,2,1,3,3
