,X13.t,X91.r,X101.n,X146.d,X155.r,X179.n,X180.q,X181.t,X200.p,X202.i,X202.t,X233.t,X266.l,X273.t,X277.d,X300.e,X312.v,X516.k
2009,0.1744186,0,0.1931818,0,0,0,0,0,0.1942857,0.1931818,0,0,0,0.01136364,0.005681818,0,0.1988636,0.1954023
2010,0,0,0,0,0,0,0,0,0,0,0.1,0,0,0,0,0,0.4,0
2011,0,0,0,0,0.2222222,0.1111111,0,0,0.1111111,0,0.6666667,0,0.3333333,0,0,0,0.1111111,0.1111111
2012,0,0,0,0,0.7333333,0,0,0,0,0,1,0,0.7333333,0,0,0,0,0.2
2013,0,0,0,0,0,0,0.27586207,0,0,0,1,0,0,0.2758621,0,0.79310345,0,0.8965517
2014,0,0,0,0,0,0,1,0,0,0,1,0,0,1,0,1,0,1
2015,0.6923077,0,0.6923077,0,0,0.3846154,1,0,0,0,1,0.3846154,0,1,0,1,0,1
2016,1,0,0.8181818,0,0,0.8181818,1,0,0,0,1,0.8181818,0,1,0,1,0,1
2017,1,0.5810811,1,0,0,1,1,0.3378378,0.05405405,0,1,1,0,0.97297297,0,0.95945946,0.5675676,1
2018,1,1,1,0.01459854,0,1,1,1,0.4817518,0.00729927,0.98540146,1,0,0.8613139,0.02189781,0.99270073,1,1
2019,1,1,1,0.8947368,0,1,1,1,0.92105263,0.8684211,0.1315789,1,0,1,0.8684211,1,1,1
tau,2,2,2,2,2,2,2,2,3,2,3,2,2,2,2,1,2,3
