,X13.i.,X34.v.,X40.i.,X44.s.,X51.k.,X74.s.,X77.r.,X81.a.,X106.v.,X188.t.,X200.s.,X264.i.,X270.k.,X314.m.,X321.v.,X386.s.,X386.k.,X389.k.,X416.n.,X432.e.,X449.d.,X451.g.,X452.i.
2009,0.07608696,0,0.01086957,0,0,0,0,0,0.06521739,0,0,0.01086957,0,0,0.07608696,0,0,0,0,0,0,0,0
2010,0,0,0,0,0,0,0.1,0.1,0.1,0,0,0,0,0,0,0.4,0,0,0,0,0,0,0
2011,0,0,0,0.5,0,0,0,0.125,0,0,0,0,0,0,0,0.25,0,0,0,0,0,0.125,0
2012,0.2222222,0,0,0.2222222,0,0,0,0,0,0,0,0,0,0,0,0.6666667,0,0,0.2222222,0,0,0.6666667,0
2013,0,0.4375,0.25,1,0,0,0,0,0.9375,0,0.9375,0,0,0,0.375,0,0.1875,0,0,0.4375,0,0,0
2014,0,1,0.91666667,1,0,0,0,0,1,0,1,0.4166667,0.4166667,0,1,0,0.91666667,0,0,1,0,0,0
2015,0.625,0.875,0.75,1,0,0,0,0,1,0,1,0.625,0.625,0.625,1,0,0.75,0,0.25,1,0,0.25,0
2016,0.7,0.65,1,1,0,0,0,0,1,0,1,1,1,0.7,1,0,1,0,0,1,0,0,0
2017,0.98305085,0.96610169,1,1,0,0,0.4576271,0.3220339,1,0.83050847,1,1,1,0.98305085,0.94915254,0,1,0,0,1,0.5762712,0.01694915,0
2018,1,1,0.98571429,1,0.1,0.1,0.98571429,0.95714286,1,1,1,1,1,1,1,0,1,0,0.5142857,1,0.98571429,0,0.11428571
2019,1,1,0.94339623,1,0.86792453,0.9245283,1,1,1,1,1,1,1,1,1,0,1,0.86792453,0.96226415,1,1,0,0.9245283
tau,1,2,2,3,2,2,2,2,1,1,1,2,2,1,2,3,2,1,2,2,2,2,2
