,X19.i,X49.r,X61.n,X64.a,X64.i,X64.t,X69.n,X78.g,X108.k,X108.r,X108.r.1,X137.k,X144.a,X144.a.1,X144.t,X151.k,X154.s,X158.g,X158.g.1,X158.r,X160.s,X161.s,X174.n,X175.s,X175.y,X176.t,X187.k,X189.q,X205.k,X214.s,X228.a,X239.i,X241.d,X294.k,X327.h,X327.q,X328.s,X363.m,X369.f,X370.r,X371.h,X377.r,X377.t,X391.d,X422.v,X466.k,X500.e,X503.n,X505.n
2005,0,0,0.06976744,0,0.3255814,0.6744186,0.06976744,0,1,0,0,0,0.04651163,0.04651163,0.95348837,0,0,0.02325581,0.02325581,0.93023256,0,0,0,0,0.3255814,0,0,0,0,0,0,0,0.4186047,0,0,1,0,0,0,0,0,0,0,0,0,0,0,0,0
2006,0,0,0.11940299,0,0,1,0.119403,0,1,0,0,0,0.23880597,0.23880597,0.71641791,0,0,0.2537313,0.2537313,0.7462687,0,0,0,0,0,0,0,0,0,0,0,0,0.2985075,0,0,1,0,0,1,1,1,0,0,0,0,0,0,0,0
2007,0,0,0,0,0,1,0,0,1,0,0,0,0.05,0.05,0.95,0,0,0.05,0.05,0.85,0,0,0,0,0,0,0,0,0,0,0,0,0,0,0,1,0,0,1,1,1,0,0,0,0,0,0,0,0
2008,0.08333333,0,0,0,0,0.990291262,0,0,1,0,0,0,0,0,1,0,0.01941748,0,0,1,0,0,0.009708738,0,0,0,0,0.1553398,0.009708738,0,0.009708738,0,0,0,0,1,0,0,0.5555556,0.5555556,0.7142857,0,0.6666667,1,0,1,0,0,0
2009,0,0,0,0.07272727,0,0.92727273,0,0.01818182,0.92727273,0.07272727,0.07272727,0.01724138,0,0,1,0,0,0,0,1,0,0,0.96491228,0,0,0,0,0.98181818,0.94545455,0,0.94545455,0,0.03636364,0,0,1,0.05882353,0,1,1,1,1,0,1,0,1,0,0,0
2010,0,0,0,1,0,0,0,0,0,1,1,0.05882353,0,0,1,0,0,0,0,1,0,0,1,0,0,0,0,1,1,0,1,0,0,0,0,1,1,0.75,1,1,1,1,0,1,0,1,0,0,0
2011,0,0,0.2,0,0.2,0.8,0,0,1,0,0,0,0,0,1,0,0,0,0,1,0,1,1,0,0,0,0,1,1,1,1,1,0.02777778,0,0,1,1,0,1,1,1,1,0,1,0,1,0,0.625,0.375
2012,0,0.5555556,0.5555556,0,0.5555556,0.4444444,0,0,1,0,0,0,0,0,1,0,0,0,0,1,0,0.6923077,0.7692308,0,0,0,0,0.7692308,0.7692308,0.7692308,0.7692308,0.7692308,0.2307692,0.3846154,0,1,0.7692308,0,1,1,1,0.8571429,0,1,0,1,0,0.1428571,0.2857143
2013,0,0.90625,0.90625,0,0.90625,0.0625,0,0,0.96875,0,0,0,0.6779661,0.6779661,0.30508475,0,0,0.7096774,0.7096774,0.2903226,0,0.96774194,0.96774194,0,0,0,0,0.96774194,0.96774194,0.96774194,0.96774194,0.96774194,0.03225806,0.96825397,0,1,0.97014925,0.3076923,1,1,1,1,0,0.97058824,0,1,0,0,0.09090909
2014,0,1,1,0,1,0,0,0,1,0,0,0,1,1,0,0,0.6666667,1,1,0,0,1,1,0.6666667,0,0,0,1,1,0.8333333,1,1,0.6666667,1,0.3571429,0.6428571,1,0.2142857,1,1,1,1,0,1,0,1,0,0,0.3571429
2015,1,1,1,0,1,0,0,0,0.5,0,0,0,0.3333333,0.3333333,0.6666667,0,0,0.3333333,0.3333333,0.6666667,0.6666667,1,1,0,0.6666667,0.3333333,0,1,1,1,1,1,0.6666667,1,1,0,1,0,1,1,1,1,0,1,0,1,0,0,1
2016,1,0.8,1,0,1,0,0,0,0.6,0.4,0.4,0.8,0,0,1,0.2,0,0,0,1,1,1,1,0,1,0.75,0.8,1,1,1,1,1,1,1,0.6,0.4,1,0,1,1,1,1,0,1,0.8,1,0.8,0,1
2017,0.98461538,0.98461538,1,0,0.95384615,0,0.01538462,0.3076923,0.1538462,0.8461538,0.8461538,0.98461538,0,0,1,0.3076923,0,0.3538462,0.3538462,0.6461538,0.95384615,1,0.984375,0,1,0.9047619,0.96923077,1,1,1,1,1,1,1,0.1538462,0.8461538,1,0,0.98461538,1,1,1,0,1,0.95384615,1,0.95384615,0,0.98461538
2018,1,1,1,0,1,0,0.3703704,1,0,1,1,1,0.5925926,0.5925926,0.4074074,0.7777778,0,1,1,0,0.96296296,1,1,0,1,0.92307692,1,1,0.96296296,1,1,1,1,1,0,1,1,0,1,1,1,1,0,1,1,1,1,0,0.96296296
2019,1,1,1,0,0.91666667,0,0.75,1,0,1,1,1,1,1,0,1,0,1,1,0,1,1,1,0,1,1,1,1,1,0.91666667,1,1,1,1,0,1,1,0,1,1,1,1,0,1,1,1,1,0,1
tau,1,2,3,2,3,1,3,2,1,2,2,1,1,2,1,3,1,1,2,1,1,1,2,1,1,2,1,2,2,1,2,1,4,2,2,2,2,1,1,1,1,1,1,1,1,1,1,1,5
