,X26.t,X40.c,X44.p,X81.p,X93.g,X93.s,X126.l,X127.n,X141.d,X147.n,X155.f,X215.v,X220.n,X221.k,X221.d,X245.n,X247.t,X248.e,X249.k,X251.v,X263.i,X264.n,X267.k,X303.i,X315.g,X315.r,X329.s,X338.f,X339.n,X344.k,X346.d,X367.n,X369.t,X380.v,X392.t,X399.n,X400.r,X400.k,X402.d,X451.g,X463.n,X464.l,X465.s,X468.h
2006,0,0,0,0,0,0,0,0,0,0,0,0,0,0,0,0,0,0,1,0,0,0,0,0,0,0,0,0,0,0,0,0,0,0,0,0,1,0,0,1,0,0,0,0
2007,0,0,0,0,0,0,0,0,0,0,0,0,0,0,0,0,0,0,0,0,0,0,0,0,0,0,0,0,0,0,0,0,0,0,0,0,1,0,0,0,0,0,0,0
2008,0,0,0,0,0,0,0,0,0,0.5,0,0,0,0,0,0,0,0,1,0,0,0,0,0,0,0,0,0,0,0,0,0,0,0,0,0,1,0,0,1,0,0,0,0
2009,0.6956522,0.6956522,0.04347826,0,0,0,0,0,0,1,0,0.95652174,0,0,0,0,0,0.4782609,1,0,0.08695652,0,0,0,0,0,0,0,0,0,0,0.2608696,0.2608696,0,0,0,1,0,0,1,0,0.2608696,0,0
2010,0,0,0,0,0,0,0.125,0,0,1,0,1,0,0,0,0,0,0.25,1,0,0,0,0,0,0,0,0,0,0,0,0,1,1,0,0,0,0,1,0.0625,1,0,1,0,0
2011,0,0,0,0.90909091,0,0,0,0,0,1,0,1,0,0,0,0,0,0,0.90909091,0,0,0,0,0,0,0,0,0,0,0,0,1,1,0,0.09090909,0,1,0,1,1,0,1,0,0
2012,0,0,0,0.875,0,0,0,0,0,1,0.25,0.875,0,0,0.125,0,0,0,1,0.25,0,0,0,0,0,0,0,0,0,0,0,0.875,0.875,0,0,0,1,0,0.875,1,0,0.875,0,0
2013,0,0,0.04166667,1,1,0,0,0,0,1,0.2083333,1,0,0.70833333,0.04166667,0,0,0,0.95833333,0.2083333,0.7083333,0,0,0,0.2083333,0,0,0,0.04166667,0,0,1,1,0.04166667,0,0,1,0,1,1,0,1,0,0
2014,0,0,0,1,1,0,0,0,0,1,0.3333333,1,0,0,0.6666667,0,0,0,1,0.3333333,0,0,0,0,0.3333333,0,0,0,0.1666667,0,0,1,1,0,0.6666667,0,1,0,1,1,0,1,0,0
2015,0,0,0,1,1,0,0,0,0.5,1,0,1,0,0,1,0,0,0,1,0,0,0.5,1,0,0,0,0,0,0,0,0,1,1,1,0,0,1,0,1,1,0,1,0,0
2016,0,0,0,1,1,0,0,0,0,1,0,1,0,0,1,1,1,0,1,0,0,0,1,0,0,0,0,0,0.4,0,0,1,1,1,0,0,1,0,1,1,0,1,0,1
2017,0,0,0.0625,1,1,0,0.375,0.25,0,1,0,1,1,0,1,1,1,0,1,0,0,0,1,1,0,0,1,0,1,0,0,1,1,1,0,0,1,0,1,1,0,1,0,1
2018,0,0,0.3157895,1,0.7368421,0.2631579,1,0.5263158,0,1,0,1,1,0,1,1,1,0,1,0,0,0,1,1,0,0,1,0.31578947,1,0,0,1,1,1,0.05263158,0.2105263,1,0,1,1,0,1,0,1
2019,0,0,0,1,0.4666667,0.5333333,1,0,0,1,0,1,1,0,0.93333333,1,1,0,1,0,0,0,1,1,0,0.4,1,0.4,1,0.3333333,0.3333333,1,1,1,0,0.3333333,1,0,1,1,0.3333333,1,0.3333333,1
tau,1,1,2,1,1,2,1,2,1,1,3,1,1,1,3,1,1,1,1,3,1,1,1,1,2,1,1,1,1,1,1,2,2,1,1,2,1,1,2,1,1,2,1,1
