,X19.i,X49.r,X61.n,X64.i,X66.e,X78.g,X108.r,X137.k,X156.i,X158.g,X160.s,X161.s,X174.n,X175.y,X176.t,X187.k,X189.q,X205.k,X214.s,X228.a,X239.i,X241.d,X294.k,X327.h,X328.s,X377.i,X377.r,X391.d,X466.k,X505.n
2005,0,0,0,0,0,0,0,0,0,0,0,0,0,0,0,0,0,0,0,0,0,0.5,0,0,0,0,0,0,0,0
2006,0,0,0,0,0,0,0,0,0,0,0,0,0,0,0,0,0,0,0,0,0,0,0,0,0,1,0,0.92857143,0.92857143,0
2007,0.1176471,0,0,0,0.8823529,0,0,0,0.8823529,0.1176471,0,0,0,0,0,0.05882353,0.11764706,0,0,0,0.125,0,0,0,0,0.64285714,0.07142857,0.92857143,0.92857143,0
2008,0,0,0,0,0.95833333,0,0,0,1,0,0,0,0,0,0,0.1666667,0.5,0,0,0,0.04166667,0,0,0,0,0.5,0.5,1,1,0
2009,0,0,0,0,1,0,0,0,0.97435897,0,0,0,0.97435897,0,0,0,1,0.97435897,0,0.1025641,0,0,0,0,0.05128205,0,1,1,1,0
2010,0,0,0,0,0.98076923,0.01923077,0.2884615,0,1,0,0,0,1,0,0,0,1,1,0,1,0,0,0,0,0.5283019,0,1,1,1,0.01886792
2011,0.03125,0.1244444,0.351111111,0.35555556,0.995555556,0.013333333,0.01333333,0,0.95555556,0.004444444,0,0.7066667,1,0,0,0.004444444,1,1,0.88,0.991111111,0.92,0,0.127193,0,0.92982456,0,1,1,1,0.01315789
2012,0,1,1,1,1,0,0,0,1,0.1428571,0,0.7142857,1,0,0,0,1,1,1,1,1,0,1,0,1,0,1,1,1,0.1428571
2013,0,0.8333333,1,1,1,0,0,0,1,0.7333333,0,1,1,0,0,0,1,1,1,1,1,0.36666667,1,0,1,0,1,1,1,0.2333333
2014,0.18,1,1,1,1,0.02,0,0,1,0.74,0.16,1,1,0.08,0.12,0,1,1,1,0.98,1,0.64,1,0.16,1,0.02,0.98,1,1,0.22
2015,0.95384615,0.90769231,1,1,1,0,0.04615385,0,1,0.15384615,0.95384615,0.98461538,1,0.95384615,0.95384615,0,1,1,0.95384615,0.95384615,1,0.98461538,1,0.95384615,0.98461538,0,1,1,1,0.95384615
2016,1,0.97368421,1,1,0.98947368,0,0.02631579,0.326315789,0.98421053,0.391534392,0.91052632,1,1,1,0.994708995,0.83684211,1,0.994736842,0.98421053,0.994736842,1,1,1,0.97368421,0.93157895,0,1,1,1,1
2017,1,1,1,1,1,0.5308642,0.7592593,0.82716049,1,0.66666667,0.86419753,1,1,1,1,0.8518519,1,1,1,0.98148148,1,1,1,0.2469136,1,0,1,1,1,1
2018,1,1,1,1,1,0.49275362,0.7826087,0.862318841,1,0.5869565,0.91304348,0.992753623,1,0.992753623,0.97810219,0.7898551,0.992753623,1,0.992753623,0.8913043,1,0.98550725,1,0.2246377,1,0,1,1,1,1
2019,1,1,1,1,0.95238095,0.92063492,0.93650794,0.984126984,0.96825397,0.992063492,0.857142857,0.8968254,0.992063492,0.992063492,0.984126984,0.93650794,1,1,0.992063492,0.992063492,0.992063492,1,1,0.06349206,1,0,1,1,1,1
tau,2,2,2,2,2,3,5,4,2,9,2,3,1,2,2,4,3,1,2,2,1,3,2,2,3,1,3,1,1,6
