"","X81.p","X93.g","X126.l","X147.n","X215.v","X220.n","X221.d","X245.n","X247.t","X267.k","X303.i","X315.r","X329.s","X339.n","X344.k","X367.n","X369.t","X380.v","X387.k","X392.t","X402.d","X464.l","X468.h"
"2006",0,0,0,0,0,0,0,0,0,0,0,0,0,0,0,0,0,0,0,0,0,0,0
"2007",0,0,0,0.07142857,0.07142857,0,0,0,0,0,0,0.07142857,0,0,0,0.07142857,0,0,0.8571429,0,0,0,0
"2008",0,0,0,0.73076923,0.6153846,0,0,0,0,0.1538462,0,0,0,0,0,0,0,0.03846154,1,0,0,0.1923077,0
"2009",0,0,0,1,1,0,0,0,0,0,0,0,0,0,0,0.125,0.09375,0,1,0,0,0.09375,0
"2010",0,0,0,1,1,0,0,0,0,0,0,0.02380952,0,0,0,0.97619048,1,0,1,0,0,1,0
"2011",0.91627907,0.2139535,0,1,1,0.02325581,0.009302326,0,0,0,0,0,0,0,0,0.995348837,0.995348837,0,1,0,0.91627907,0.995348837,0.004651163
"2012",1,0.9047619,0,1,1,0,0,0,0,0,0,0,0,0,0,1,1,0,1,0,1,1,0
"2013",0.8888889,1,0,1,1,0,0.7777778,0,0,0,0,0,0,0,0,1,1,0,1,0.3888889,1,1,0
"2014",1,0.98333333,0,1,1,0,0.8666667,0.06666667,0,0.18333333,0,0,0,0.01666667,0,1,1,0.1,1,0.6166667,1,1,0
"2015",0.97101449,0.98550725,0,1,1,0.01449275,1,0.4347826,0.4347826,0.7971014,0,0,0,0.04347826,0,1,0.98550725,0.7101449,1,0.2173913,1,1,0.05797101
"2016",0.994219653,0.95953757,0,1,0.994219653,0.005780347,1,0.98265896,0.98265896,0.98843931,0.005780347,0,0.057803468,0.8901734,0,1,1,0.97687861,1,0,1,1,0.94219653
"2017",1,0.91925466,0.5217391,1,1,0.7453416,1,1,1,1,0.6583851,0.01863354,0.73291925,0.9378882,0,1,1,1,1,0.00621118,1,1,0.92546584
"2018",1,0.88235294,0.5,1,1,0.7720588,0.992647059,1,1,1,0.7720588,0.2941176,0.882352941,0.98529412,0.2352941,1,1,0.992647059,0.992647059,0,1,1,0.911764706
"2019",1,0.838709677,0.8629032,1,0.991935484,0.8709677,1,1,1,1,0.8709677,0.75,0.86290323,1,0.7903226,1,1,1,1,0,1,0.991935484,0.8790323
"tau",1,2,1,2,2,3,1,3,2,2,2,3,2,3,2,2,2,2,1,2,1,3,2
